Cluster,Num_Customers,Avg_TotalSpend,Avg_NumOrders,Avg_Recency,Num_High_ChurnRisk
0,3242,1744.0842328809376,5.429056138186305,39.65114127082048,355
1,1095,408.0647589041096,1.8511415525114154,245.9890410958904,1095
2,4,211783.7825,55.0,7.75,0
3,31,43605.764193548384,75.54838709677419,3.870967741935484,0
